{
  "spans": [
    {
      "traceId": "AAAAAAAAAAAAAAAAAAAAAQ==",
      "spanId": "AAAAAAAAAAI=",
      "operationName": "test-general-conversion",
      "startTime": "2017-01-26T16:46:31.639875-05:00",
      "process": {
        "serviceName": "service-x"
      },
      "logs": [
        {
          "timestamp": "1970-01-01T00:00:00-00:00",
          "fields": [
            {
              "key": "event",
              "vStr": "some-event"
            }
          ]
        },
        {
          "timestamp": "2017-01-26T16:46:31.639875-05:00",
          "fields": [
            {
              "key": "x",
              "vStr": "y"
            }
          ]
        }
      ]
    },
    {
      "traceId": "AAAAAAAAAAAAAAAAAAAAAQ==",
      "spanId": "AAAAAAAAAAI=",
      "operationName": "some-operation",
      "startTime": "1970-01-01T00:00:00-00:00",
      "tags": [
        {
          "key": "peer.service",
          "vType": "STRING",
          "vStr": "service-y"
        },
        {
          "key": "peer.ipv4",
          "vType": "INT64",
          "vInt64": 23456
        },
        {
          "key": "peer.port",
          "vType": "INT64",
          "vInt64": 80
        },
        {
          "key": "span.kind",
          "vType": "STRING",
          "vStr": "client"
        }
      ],
      "process": {
        "serviceName": "service-x"
      }
    },
    {
      "traceId": "AAAAAAAAAAIAAAAAAAAAAQ==",
      "spanId": "AAAAAAAAAAM=",
      "operationName": "some-operation",
      "references": [
        {
          "refType": "CHILD_OF",
          "traceId": "AAAAAAAAAAIAAAAAAAAAAQ==",
          "spanId": "AAAAAAAAAAI="
        }
      ],
      "startTime": "1970-01-01T00:00:00-00:00",
      "tags": [
        {
          "key": "peer.service",
          "vType": "STRING",
          "vStr": "service-x"
        },
        {
          "key": "peer.ipv4",
          "vType": "INT64",
          "vInt64": 23456
        },
        {
          "key": "peer.ipv6",
          "vType": "BINARY",
          "vBinary": "MjAwMTpkYjg6OmMwMDE="
        },
        {
          "key": "span.kind",
          "vType": "STRING",
          "vStr": "server"
        }
      ],
      "process": {
        "serviceName": "service-y"
      }
    }
  ]
}
